dub-kendari-fsc_1.webp, dub-kendari-fsc_2.webp, dub-kendari-fsc_3.webp, dub-kendari-fsc_4.webp
dub-lindau_1.webp, dub-lindau_2.webp, dub-lindau_3.webp, dub-lindau_5.webp
dub-livorno_1.webp, dub-livorno_2.webp, dub-livorno_3.webp, dub-livorno_5.webp
dub-markone_1.webp, dub-markone_2.webp, dub-markone_3.webp, dub-markone_4.webp
dub-milano_1.webp, dub-milano_2.webp, dub-milano_3.webp, dub-milano_4.webp
dub-portlend_1.webp, dub-portlend_2.webp, dub-portlend_3.webp
dub-rochester_1.webp, dub-rochester_2.webp, dub-rochester_3.webp
dub-evans_1.webp, dub-evans_2.webp, dub-evans_3.webp, dub-evans_4.webp
dub-kataniya_1.webp, dub-kataniya_2.webp
dub-muren_1.webp, dub-muren_2.webp, dub-muren_3.webp
dub-ember_1.webp, dub-ember_2.webp, dub-ember_3.webp
dub-bassano_1.webp, dub-bassano_2.webp, dub-bassano_3.webp, dub-bassano_5.webp
dub-bilbao_1.webp, dub-bilbao_2.webp, dub-bilbao_3.webp, dub-bilbao_4.webp
dub-alikante-2_1.webp, dub-alikante-2_2.webp
dub-altea_1.webp, dub-altea_2.webp
dub-santana_1.webp, dub-santana_2.webp, dub-santana_3.webp
dub-grenada_1.webp, dub-grenada_2.webp, dub-grenada_3.webp, dub-grenada_4.webp
dub-marbella_1.webp, dub-marbella_2.webp, dub-marbella_3.webp
chernyy-slanets_1.webp, chernyy-slanets_2.webp
shifer-estrik-svetlyy_1.webp, shifer-estrik-svetlyy_2.webp
granit-belyy_1.webp, granit-belyy_3.webp, granit-belyy_4.webp, granit-belyy_6.webp
shifer-ceryy_1.webp, shifer-ceryy_2.webp
beton-seryy_1.webp, beton-seryy_2.webp
granit-bezh_1.webp, granit-bezh_4.webp
beton-bezhevyy_1.webp, beton-bezhevyy_2.webp, beton-bezhevyy_3.webp
beton-temno-seryy_1.webp, beton-temno-seryy_5.webp
granit-chernyy_1.webp, granit-chernyy_2.webp
beton-arkticheskiy_1.webp, beton-arkticheskiy_2.webp
beton-grafitovyy_1.webp, beton-grafitovyy_2.webp
indiyskiy-bantsheyfer_1.webp, indiyskiy-bantsheyfer_2.webp
beton-belyy-antik_1.webp, beton-belyy-antik_2.webp
dub-peoriya_1.webp, dub-peoriya_2.webp, dub-peoriya_3.webp
dub-lozano_1.webp, dub-lozano_2.webp, dub-lozano_3.webp
beton_1.webp, beton_2.webp, beton_3.webp
dub-lankaster_1.webp, dub-lankaster_2.webp
dub-kasai_1.webp, dub-kasai_2.webp, dub-kasai_3.webp
dub-volta_1.webp, dub-volta_2.webp, dub-volta_3.webp
dub-lagun_1.webp, dub-lagun_2.webp, dub-lagun_3.webp, dub-lagun_4.webp
dub-sabi_1.webp, dub-sabi_2.webp, dub-sabi_3.webp, dub-sabi_4.webp
dub-marsala_1.webp, dub-marsala_2.webp, dub-marsala_3.webp
dub-krotone_1.webp, dub-krotone_6.webp
dub-kassano_1.webp, dub-kassano_7.webp
dub-svetlo-korichnevyy_1.webp, dub-svetlo-korichnevyy_2.webp, dub-svetlo-korichnevyy_3.webp, dub-svetlo-korichnevyy_4.webp, dub-svetlo-korichnevyy_5.webp, dub-svetlo-korichnevyy_6.webp
dub-belyy-miks_1.webp, dub-belyy-miks_2.webp, dub-belyy-miks_3.webp, dub-belyy-miks_4.webp, dub-belyy-miks_5.webp
dub-seryy-miks_1.webp, dub-seryy-miks_2.webp, dub-seryy-miks_3.webp, dub-seryy-miks_4.webp, dub-seryy-miks_5.webp, dub-seryy-miks_6.webp
dub-svetlo-seryy_1.webp, dub-svetlo-seryy_2.webp, dub-svetlo-seryy_3.webp, dub-svetlo-seryy_4.webp, dub-svetlo-seryy_5.webp, dub-svetlo-seryy_6.webp
dub-svetlo-seryy-miks_1.webp, dub-svetlo-seryy-miks_2.webp, dub-svetlo-seryy-miks_3.webp, dub-svetlo-seryy-miks_4.webp, dub-svetlo-seryy-miks_5.webp, dub-svetlo-seryy-miks_6.webp
dub-masaya_1.webp, dub-masaya_2.webp, dub-masaya_4.webp, dub-masaya_7.webp
dub-tanganika_1.webp, dub-tanganika_2.webp, dub-tanganika_3.webp, dub-tanganika_4.webp, dub-tanganika_5.webp
dub-niasa_1.webp, dub-niasa_2.webp, dub-niasa_3.webp, dub-niasa_4.webp, dub-niasa_5.webp, dub-niasa_6.webp, dub-niasa_8.webp
dub-asal_1.webp, dub-asal_2.webp, dub-asal_3.webp, dub-asal_4.webp, dub-asal_5.webp
dub-turkana_1.webp, dub-turkana_2.webp, dub-turkana_3.webp, dub-turkana_4.webp
dub-titikaka_1.webp, dub-titikaka_2.webp, dub-titikaka_3.webp, dub-titikaka_4.webp, dub-titikaka_5.webp, dub-titikaka_6.webp, dub-titikaka_7.webp
dub-onega_1.webp, dub-onega_2.webp, dub-onega_3.webp
dub-patos_1.webp, dub-patos_2.webp, dub-patos_3.webp
dub-avola_1.webp, dub-avola_2.webp, dub-avola_3.webp, dub-avola_4.webp, dub-avola_5.webp
dub-pasadena_1.webp, dub-pasadena_2.webp, dub-pasadena_3.webp
dub-anderson_1.webp, dub-anderson_2.webp
dub-donkaster_1.webp, dub-donkaster_2.webp
dub-vindzor_1.webp, dub-vindzor_2.webp
dub-barrel_1.webp, dub-barrel_2.webp, dub-barrel_3.webp, dub-barrel_4.webp, dub-barrel_5.webp
dub-alikante_1.webp, dub-alikante_2.webp, dub-alikante_3.webp, dub-alikante_4.webp
dub-brisben_1.webp, dub-brisben_2.webp, dub-brisben_3.webp
dub-bergen_1.webp, dub-bergen_2.webp, dub-bergen_3.webp
dub-kampo_1.webp, dub-kampo_2.webp, dub-kampo_3.webp, dub-kampo_4.webp
dub-kassada_1.webp, dub-kassada_2.webp, dub-kassada_3.webp